日本の鉄道路線一覧,2011年7月1日時点のデータ,,,,,,最終更新　2011年10月16日
総合計,27443.0,,,,,27443.0,
会社名,距離(km),種別,線名,区間,,距離(km),備考
北海道旅客鉄道,2499.8,,,,,,
,,,函館線,函館,旭川,423.1,
,,,函館線(1),大沼,森,35.3,東森経由
,,,江差線,五稜郭,江差,79.9,
,,,札沼線,桑園,新十津川,76.5,
,,,千歳線,沼ノ端,白石,56.6,
,,,千歳線(1),南千歳,新千歳空港,2.6,
,,,石勝線,南千歳,新得,132.4,
,,,石勝線(1),新夕張,夕張,16.1,
,,,室蘭線,長万部,岩見沢,211.0,
,,,室蘭線(1),東室蘭,室蘭,7.0,
,,,日高線,苫小牧,様似,146.5,
,,,留萌線,深川,増毛,66.8,
,,,富良野線,旭川,富良野,54.8,
,,,根室線,滝川,根室,443.8,
,,,宗谷線,旭川,稚内,259.4,
,,,石北線,新旭川,網走,234.0,
,,,釧網線,東釧路,網走,166.2,
,,,海峡線,中小国,木古内,87.8,
東日本旅客鉄道,7391.6,,,,,,
,,,東海道線,東京,熱海,104.6,
,,,東海道線(1),品川,鶴見,17.8,新川崎経由
,,,東海道線(2),浜松町,浜川崎,,時刻表非掲載　距離合計から除外（距離20.6km）
,,,東海道線(3),鶴見,東戸塚,,横浜羽沢経由　時刻表非掲載　距離合計から除外（距離16.0km）
,,,東海道線(4),鶴見,八丁畷,,時刻表非掲載　距離合計から除外（距離2.3km）
,,,東海道線(5),鶴見,桜木町,,時刻表非掲載　距離合計から除外（距離8.5km）
,,,山手線,品川,田端,20.6,
,,,赤羽線,池袋,赤羽,5.5,
,,,南武線,川崎,立川,35.5,
,,,南武線(1),尻手,浜川崎,4.1,
,,,南武線(2),尻手,鶴見,,時刻表非掲載　距離合計から除外（距離5.4km）
,,,鶴見線,鶴見,扇町,7.0,
,,,鶴見線(1),浅野,海芝浦,1.7,
,,,鶴見線(2),武蔵白石,大川,1.0,
,,,武蔵野線,鶴見,府中本町,,時刻表非掲載　距離合計から除外（距離28.8km）
,,,武蔵野線(1),府中本町,西船橋,71.8,
,,,武蔵野線(2),西浦和,与野,,時刻表非掲載　距離合計から除外（距離4.9km）
,,,横浜線,東神奈川,八王子,42.6,
,,,根岸線,横浜,大船,22.1,
,,,横須賀線,大船,久里浜,23.9,
,,,相模線,茅ヶ崎,橋本,33.3,
,,,伊東線,熱海,伊東,16.9,
,,,中央線,神田,代々木,8.3,
,,,中央線(1),新宿,塩尻,211.8,
,,,中央線(2),岡谷,塩尻,27.7,辰野経由
,,,青梅線,立川,奥多摩,37.2,
,,,五日市線,拝島,武蔵五日市,11.1,
,,,八高線,八王子,倉賀野,92.0,
,,,小海線,小諸,小淵沢,78.9,
,,,篠ノ井線,篠ノ井,塩尻,66.7,
,,,大糸線,松本,南小谷,70.1,
,,,東北線,東京,盛岡,535.3,
,,,東北線(1),日暮里,赤羽,7.6,尾久経由
,,,東北線(2),岩切,利府,4.2,
,,,東北線(3),長町,東仙台,,時刻表非掲載　距離合計から除外（距離6.6km）
,,,東北線(4),赤羽,大宮,18.0,武蔵浦和経由
,,,東北新幹線,東京,新青森,713.7,
,,,常磐線,日暮里,岩沼,343.1,
,,,常磐線(1),三河島,南千住,,隅田川経由　時刻表非掲載　距離合計から除外（距離5.7km）
,,,常磐線(2),三河島,田端,,時刻表非掲載　距離合計から除外（距離1.6km）
,,,水郡線,水戸,安積永盛,137.5,
,,,水郡線(1),上菅谷,常陸太田,9.5
,,,川越線,大宮,高麗川,30.6
,,,高崎線,大宮,高崎,74.7
,,,上越線,高崎,宮内,162.6
,,,上越線(1),越後湯沢,ガーラ湯沢,1.8
,,,上越新幹線,大宮,新潟,303.6
,,,吾妻線,渋川,大前,55.6
,,,両毛線,小山,新前橋,84.4
,,,水戸線,小山,友部,50.2
,,,日光線,宇都宮,日光,40.5
,,,烏山線,宝積寺,烏山,20.4
,,,仙山線,仙台,羽前千歳,58.0
,,,仙石線,あおば通,石巻,50.2
,,,石巻線,小牛田,女川,44.9
,,,気仙沼線,前谷地,気仙沼,72.8
,,,大船渡線,一ノ関,盛,105.7
,,,北上線,北上,横手,61.1
,,,釜石線,花巻,釜石,90.2
,,,田沢湖線,大曲,盛岡,75.6
,,,山田線,盛岡,釜石,157.5
,,,岩泉線,茂市,岩泉,38.4
,,,花輪線,好摩,大館,106.9
,,,八戸線,八戸,久慈,64.9
,,,大湊線,野辺地,大湊,58.4
,,,磐越東線,いわき,郡山,85.6
,,,磐越西線,郡山,新津,175.6
,,,只見線,小出,会津若松,135.2
,,,奥羽線,福島,青森,484.5
,,,米坂線,米沢,坂町,90.7
,,,左沢線,北山形,左沢,24.3
,,,男鹿線,追分,男鹿,26.6
,,,五能線,東能代,川部,147.2
,,,津軽線,青森,三厩,55.8,
,,,羽越線,新津,秋田,271.7,
,,,白新線,新潟,新発田,27.3,
,,,陸羽東線,小牛田,新庄,94.1,
,,,陸羽西線,新庄,余目,43.0,
,,,信越線,高崎,横川,29.7,
,,,信越線(1),篠ノ井,新潟,220.6,
,,,北陸新幹線,高崎,長野,117.4,
,,,飯山線,豊野,越後川口,96.7,
,,,越後線,柏崎,新潟,83.8,
,,,弥彦線,東三条,弥彦,17.4,
,,,総武線,東京,銚子,120.5,
,,,総武線(1),錦糸町,御茶ノ水,4.3,
,,,総武線(2),小岩,金町,,時刻表非掲載　距離合計から除外（距離8.9km）
,,,総武線(3),小岩,越中島貨物,,時刻表非掲載　距離合計から除外（距離11.7km）
,,,外房線,千葉,安房鴨川,93.3,
,,,内房線,蘇我,安房鴨川,119.4,
,,,京葉線,西船橋,蘇我,22.4,
,,,京葉線(1),東京,南船橋,26.0,
,,,京葉線(2),市川塩浜,西船橋,5.9,
,,,成田線,佐倉,松岸,75.4,
,,,成田線(1),成田,我孫子,32.9,
,,,成田線(2),成田,成田線分岐点,2.1,
,,,成田線(3),成田線分岐点,成田空港,8.7,第２種　第３種は成田空港高速鉄道
,,,鹿島線,香取,鹿島サッカースタジアム,17.4,
,,,久留里線,木更津,上総亀山,32.2,
,,,東金線,大網,成東,13.8,
東海旅客鉄道,1970.8,,,,,,
,,,東海道線,熱海,米原,341.3,
,,,東海道線(1),大垣,関ヶ原,13.8,
,,,東海道線(2),大垣,美濃赤坂,5.0,
,,,東海道新幹線,東京,新大阪,552.6,
,,,御殿場線,国府津,沼津,60.2,
,,,身延線,富士,甲府,88.4,
,,,飯田線,豊橋,辰野,195.7,
,,,武豊線,大府,武豊,19.3,
,,,高山線,岐阜,猪谷,189.2,
,,,中央線,塩尻,名古屋,174.8,
,,,太多線,多治見,美濃太田,17.8,
,,,城北線,勝川,枇杷島,,時刻表非掲載　距離合計から除外（距離11.2km）
,,,関西線,名古屋,亀山,59.9,
,,,紀勢線,亀山,新宮,180.2,
,,,名松線,松阪,伊勢奥津,43.5,
,,,参宮線,多気,鳥羽,29.1,
西日本旅客鉄道,4991.4,,,,,,
,,,東海道線,米原,神戸,143.6,
,,,東海道線(1),吹田,尼崎,,時刻表非掲載　距離合計から除外（距離10.7km）
,,,湖西線,近江塩津,山科,74.1,
,,,大阪環状線,天王寺,新今宮,20.7
,,,桜島線,西九条,桜島,4.1
,,,福知山線,尼崎,福知山,106.5
,,,北陸線,直江津,米原,353.8
,,,小浜線,敦賀,東舞鶴,84.3
,,,越美北線,越前花堂,九頭竜湖,52.5
,,,七尾線,津幡,和倉温泉,59.5
,,,城端線,高岡,城端,29.9
,,,氷見線,高岡,氷見,16.5
,,,高山線,猪谷,富山,36.6
,,,大糸線,南小谷,糸魚川,35.3
,,,山陽線,神戸,下関,528.1
,,,山陽線(1),兵庫,和田岬,2.7
,,,山陽新幹線,新大阪,博多,644.0
,,,加古川線,加古川,谷川,48.5
,,,播但線,和田山,姫路,65.7
,,,姫新線,姫路,新見,158.1
,,,赤穂線,相生,東岡山,57.4
,,,津山線,津山,岡山,58.7
,,,吉備線,岡山,総社,20.4
,,,宇野線,岡山,宇野,32.8
,,,本四備讃線,茶屋町,児島,12.9
,,,伯備線,倉敷,伯耆大山,138.4
,,,芸備線,備中神代,広島,159.1
,,,福塩線,福山,塩町,78.0
,,,呉線,三原,海田市,87.0
,,,可部線,横川,可部,14.0
,,,岩徳線,岩国,櫛ヶ浜,43.7
,,,山口線,新山口,益田,93.9
,,,宇部線,新山口,宇部,33.2
,,,小野田線,小野田,居能,11.6
,,,小野田線(1),雀田,長門本山,2.3
,,,美祢線,厚狭,長門市,46.0,
,,,山陰線,京都,幡生,673.8,
,,,山陰線(1),長門市,仙崎,2.2,
,,,舞鶴線,東舞鶴,綾部,26.4,
,,,因美線,東津山,鳥取,70.8,
,,,境線,米子,境港,17.9,
,,,木次線,備後落合,宍道,81.9,
,,,三江線,三次,江津,108.1,
,,,関西線,亀山,ＪＲ難波,115.0,
,,,草津線,柘植,草津,36.7,
,,,奈良線,木津,京都,34.7,
,,,桜井線,奈良,高田,29.4,
,,,片町線,木津,京橋,44.8,
,,,片町線(1),鴫野,吹田,,時刻表非掲載　距離合計から除外（距離9.1km）
,,,片町線(2),正覚寺（信）,平野,,時刻表非掲載　距離合計から除外（距離1.5km）
,,,阪和線,天王寺,和歌山,61.3,
,,,阪和線(1),鳳,東羽衣,1.7,
,,,紀勢線,新宮,和歌山市,204.0,
,,,和歌山線,王寺,和歌山,87.5,
,,,博多南線,博多,博多南,8.5,
,,,関西空港線,日根野,りんくうタウン,4.2,
,,,関西空港線(1),りんくうタウン,関西空港,6.9,第２種　第３種は関西国際空港
,,,ＪＲ東西線,京橋,尼崎,12.5,第２種　第３種は関西高速鉄道
,,,おおさか東線,放出,久宝寺,9.2,第２種　第３種は大阪外環状鉄道
四国旅客鉄道,855.2,,,,,,
,,,本四備讃線,児島,宇多津,18.1,
,,,予讃線,高松,宇和島,297.6,
,,,予讃線(1),向井原,内子,23.5,
,,,予讃線(2),伊予大洲,新谷,5.9,
,,,内子線,新谷,内子,5.3,
,,,予土線,若井,北宇和島,76.3,
,,,高徳線,高松,徳島,74.5,
,,,鳴門線,池谷,鳴門,8.5
,,,土讃線,多度津,窪川,198.7
,,,徳島線,佃,佐古,67.5
,,,牟岐線,徳島,海部,79.3
九州旅客鉄道,2273.0,,,,,
,,,山陽線,下関,門司,6.3
,,,鹿児島線,門司港,八代,232.3
,,,鹿児島線(1),川内,鹿児島,49.3
,,,香椎線,西戸崎,宇美,25.4
,,,篠栗線,桂川,吉塚,25.1
,,,三角線,宇土,三角,25.6
,,,肥薩線,八代,隼人,124.2
,,,指宿枕崎線,鹿児島中央,枕崎,87.8
,,,長崎線,鳥栖,長崎,125.3
,,,長崎線(1),喜々津,浦上,23.5
,,,唐津線,久保田,西唐津,42.5
,,,筑肥線,姪浜,唐津,42.6
,,,筑肥線(1),山本,伊万里,25.7
,,,佐世保線,肥前山口,佐世保,48.8
,,,大村線,早岐,諫早,47.6
,,,久大線,久留米,大分,141.5
,,,豊肥線,大分,熊本,148.0
,,,日豊線,小倉,鹿児島,462.6
,,,日田彦山線,城野,夜明,68.7
,,,日南線,南宮崎,志布志,88.9
,,,吉都線,吉松,都城,61.6
,,,筑豊線,若松,原田,66.1
,,,後藤寺線,田川後藤寺,新飯塚,13.3
,,,宮崎空港線,田吉,宮崎空港,1.4
,,,九州新幹線,博多,鹿児島中央,288.9
札幌市交通局,56.5,,,,,
,,案内,南北線,麻生,真駒内,14.3
,,案内,東西線,宮の沢,新さっぽろ,20.1,
,,案内,東豊線,栄町,福住,13.6,
,,軌道,１条線,西４丁目,西１５丁目,1.3,
,,軌道,山鼻線,すすきの,中央図書館前,3.9,
,,軌道,山鼻西線,西１５丁目,中央図書館前,3.3,
函館市交通局,10.9,,,,,,
,,軌道,本線,函館どっく前,函館駅前,2.9,
,,軌道,宝来・谷地頭線,十字街,谷地頭,1.4,
,,軌道,大森線,松風町,函館駅前,0.5,
,,軌道,湯の川線,松風町,湯の川,6.1,
弘南鉄道,30.7,,,,,,
,,,弘南線,弘前,黒石,16.8,
,,,大鰐線,大鰐,中央弘前,13.9,
青い森鉄道,121.9,,,,,,
,,,青い森鉄道線,目時,青森,121.9,第２種　第３種は青森県
津軽鉄道,20.7,,,,,,
,,,津軽鉄道線,津軽五所川原,津軽中里,20.7
十和田観光電鉄,14.7,,,,,
,,,十和田観光電鉄線,十和田市,三沢,14.7
青函トンネル記念館,0.8,,,,,
,,鋼索,青函トンネル竜飛斜坑線,青函トンネル記念館,体験坑道,0.8
アイジーアールいわて銀河鉄道,82.0,,,,,
,,,いわて銀河鉄道線,盛岡,目時,82.0
三陸鉄道,107.6,,,,,
,,,北リアス線,宮古,久慈,71.0
,,,南リアス線,盛,釜石,36.6
仙台市交通局,14.8,,,,,
,,,南北線,富沢,泉中央,14.8
仙台空港鉄道,7.1,,,,,
,,,仙台空港線,名取,仙台空港,7.1
阿武隈急行,54.9,,,,,
,,,阿武隈急行線,福島,槻木,54.9
福島交通,9.2,,,,,
,,,飯坂線,福島,飯坂温泉,9.2
会津鉄道,57.4,,,,,
,,,会津線,西若松,会津高原尾瀬口,57.4
秋田内陸縦貫鉄道,94.2,,,,,
,,,秋田内陸線,鷹巣,角館,94.2
由利高原鉄道,23.0,,,,,
,,,鳥海山ろく線,羽後本荘,矢島,23.0
山形鉄道,30.5,,,,,
,,,フラワー長井線,赤湯,荒砥,30.5
北越急行,59.5,,,,,
,,,ほくほく線,六日町,犀潟,59.5
長野電鉄,57.6,,,,,
,,,長野線,長野,湯田中,33.2
,,,屋代線,屋代,須坂,24.4
しなの鉄道,65.1,,,,,
,,,しなの鉄道線,軽井沢,篠ノ井,65.1
上田電鉄,11.6,,,,,
,,,別所線,上田,別所温泉,11.6
アルピコ交通,14.4,,,,,
,,,上高地線,松本,新島々,14.4
関西電力,6.1,,,,,
,,無軌,（なし）,扇沢,黒部ダム,6.1
関東鉄道,55.6,,,,,
,,,竜ヶ崎線,佐貫,竜ヶ崎,4.5
,,,常総線,取手,下館,51.1
鹿島臨海鉄道,53.0,,,,,
,,,大洗鹿島線,水戸,鹿島サッカースタジアム,53.0
ひたちなか海浜鉄道,14.3,,,,,
,,,湊線,勝田,阿字ヶ浦,14.3
筑波観光鉄道,1.6,,,,,
,,鋼索,筑波山鋼索鉄道線,宮脇,筑波山頂,1.6
真岡鐵道,41.9,,,,,
,,,真岡線,下館,茂木,41.9
野岩鉄道,30.7,,,,,
,,,会津鬼怒川線,新藤原,会津高原尾瀬口,30.7
わたらせ渓谷鐵道,44.1,,,,,
,,,わたらせ渓谷線,桐生,間藤,44.1
上毛電気鉄道,25.4,,,,,
,,,上毛線,中央前橋,西桐生,25.4
上信電鉄,33.7,,,,,
,,,上信線,高崎,下仁田,33.7
秩父鉄道,71.7,,,,,
,,,秩父本線,羽生,三峰口,71.7
埼玉新都市交通,12.7,,,,,
,,案内,伊奈線,大宮,内宿,12.7
新京成電鉄,26.5,,,,,
,,,新京成線,京成津田沼,松戸,26.5
銚子電気鉄道,6.4,,,,,,
,,,銚子電気鉄道線,銚子,外川,6.4,
小湊鉄道,39.1,,,,,,
,,,小湊鉄道線,五井,上総中野,39.1,
いすみ鉄道,26.8,,,,,,
,,,いすみ線,大原,上総中野,26.8,
流鉄,5.7,,,,,,
,,,流山線,馬橋,流山,5.7,
北総鉄道,32.3,,,,,,
,,,北総線,京成高砂,小室,19.8,
,,,北総線(1),小室,印旛日本医大,12.5,第２種　第３種は千葉ニュータウン鉄道
東葉高速鉄道,16.2,,,,,,
,,,東葉高速線,西船橋,東葉勝田台,16.2,
芝山鉄道,2.2,,,,,,
,,,芝山鉄道線,東成田,芝山千代田,2.2,
千葉都市モノレール,15.2,,,,,,
,,懸垂,２号線,千葉,千城台,12.0,軌道法
,,懸垂,１号線,千葉みなと,県庁前,3.2,軌道法
山万,4.1,,,,,,
,,案内,ユーカリが丘線,ユーカリが丘,公園,4.1,
舞浜リゾートライン,5.0,,,,,,
,,跨座,ディズニーリゾートライン,リゾートゲートウェイ・ステーション,リゾートゲートウェイ・ステーション,5.0,
首都圏新都市鉄道,58.3,,,,,,
,,,常磐新線,秋葉原,つくば,58.3,
埼玉高速鉄道,14.6,,,,,,
,,,埼玉高速鉄道線,赤羽岩淵,浦和美園,14.6,
東武鉄道,463.3,,,,,,
,,,伊勢崎線,浅草,伊勢崎,114.5,
,,,亀戸線,曳舟,亀戸,3.4,
,,,大師線,西新井,大師前,1.0,
,,,桐生線,太田,赤城,20.3,
,,,小泉線,館林,西小泉,12.0,
,,,小泉線(1),太田,東小泉,6.4,
,,,佐野線,館林,葛生,22.1,
,,,日光線,東武動物公園,東武日光,94.5,
,,,鬼怒川線,下今市,新藤原,16.2,
,,,宇都宮線,新栃木,東武宇都宮,24.3,
,,,野田線,大宮,船橋,62.7,
,,,東上本線,池袋,寄居,75.0,
,,,越生線,坂戸,越生,10.9,
京成電鉄,120.0,,,,,,
,,,本線,京成上野,駒井野分岐部,67.2,
,,,本線(1),駒井野分岐部,成田空港,2.1,第２種　第３種は成田空港高速鉄道
,,,東成田線,京成成田,駒井野分岐部,,本線と重複　距離合計から除外（距離6.0km）
,,,東成田線(1),駒井野分岐部,東成田,1.1,
,,,押上線,押上,青砥,5.7,
,,,千葉線,京成津田沼,千葉中央,12.9,
,,,千原線,千葉中央,ちはら台,10.9,
,,,金町線,京成高砂,京成金町,2.5,
,,,成田空港線,京成高砂,小室,,第２種　第１種は北総鉄道　距離合計から除外（距離19.8km）
,,,成田空港線(1),小室,印旛日本医大,,第２種　第３種は千葉ニュータウン鉄道　距離合計から除外（距離12.5km）
,,,成田空港線(2),印旛日本医大,成田空港高速鉄道線接続点,10.7,第２種　第３種は成田高速鉄道アクセス
,,,成田空港線(3),成田高速鉄道アクセス線接続点,（接続点）,6.9,第２種　第３種は成田空港高速鉄道
,,,成田空港線(4),（接続点）,成田空港,,第２種　第３種は成田空港高速鉄道　本線と重複　距離合計から除外（距離1.5km）
西武鉄道,176.6,,,,,,
,,,池袋線,池袋,吾野,57.8,
,,,西武秩父線,吾野,西武秩父,19.0,
,,,新宿線,西武新宿,本川越,47.5,
,,,西武園線,東村山,西武園,2.4,
,,,国分寺線,東村山,国分寺,7.8,
,,,多摩湖線,国分寺,西武遊園地,9.2,
,,,西武有楽町線,練馬,小竹向原,2.6,
,,,豊島線,練馬,豊島園,1.0,
,,,狭山線,西所沢,西武球場前,4.2,
,,,拝島線,小平,拝島,14.3
,,,多摩川線,武蔵境,是政,8.0
,,案内,山口線,西武遊園地,西武球場前,2.8
京王電鉄,84.7,,,,,
,,,京王線,新宿,京王八王子,37.9
,,,相模原線,調布,橋本,22.6
,,,高尾線,北野,高尾山口,8.6
,,,競馬場線,東府中,府中競馬正門前,0.9
,,,動物園線,高幡不動,多摩動物公園,2.0
,,,井の頭線,渋谷,吉祥寺,12.7
小田急電鉄,120.5,,,,,
,,,小田原線,新宿,小田原,82.5
,,,江ノ島線,相模大野（分岐点）,片瀬江ノ島,27.4
,,,多摩線,新百合ヶ丘,唐木田,10.6
東京急行電鉄,97.5,,,,,
,,,東横線,渋谷,横浜,24.2
,,,目黒線,目黒,田園調布,6.5,
,,,田園都市線,渋谷,中央林間,31.5,
,,,大井町線,大井町,二子玉川,10.4,
,,,東急多摩川線,多摩川,蒲田,5.6,
,,,池上線,五反田,蒲田,10.9,
,,,こどもの国線,長津田,こどもの国,3.4,第２種　第３種は横浜高速鉄道
,,軌道,世田谷線,三軒茶屋,下高井戸,5.0,
京浜急行電鉄,87.0,,,,,,
,,,本線,泉岳寺,品川,1.2,
,,,本線(1),品川,浦賀,55.5,
,,,空港線,京急蒲田,羽田空港国内線ターミナル,6.5,
,,,大師線,京急川崎,小島新田,4.5,
,,,逗子線,金沢八景,新逗子,5.9,「逗」は不正確
,,,久里浜線,堀ノ内,三崎口,13.4,
御岳登山鉄道,1.0,,,,,,
,,鋼索,（なし）,滝本,御岳山,1.0,
高尾登山電鉄,1.0,,,,,,
,,鋼索,高尾鋼索線,清滝,高尾山,1.0,
東京モノレール,17.8,,,,,,
,,跨座,東京モノレール羽田空港線,羽田空港第２ビル,モノレール浜松町,17.8,
多摩都市モノレール,16.0,,,,,,
,,跨座,多摩都市モノレール線,多摩センター,上北台,16.0,軌道法
ゆりかもめ,14.7,,,,,,
,,案内,東京臨海新交通臨海線,新橋,日の出,2.2,軌道法
,,案内,東京臨海新交通臨海線(1),日の出,お台場海浜公園,4.7,
,,案内,東京臨海新交通臨海線(2),お台場海浜公園,テレコムセンター,2.3,軌道法
,,案内,東京臨海新交通臨海線(3),テレコムセンター,国際展示場正門,2.1,
,,案内,東京臨海新交通臨海線(4),国際展示場正門,豊洲,3.4,軌道法
東京臨海高速鉄道,12.2,,,,,,
,,,りんかい線,新木場,大崎,12.2,
東京地下鉄,192.1,,,,,,
,,,３号線銀座線,浅草,渋谷,14.3,
,,,４号線丸ノ内線,池袋,荻窪,24.2,
,,,４号線丸ノ内線分岐線,中野坂上,方南町,3.2,
,,,２号線日比谷線,北千住,中目黒,20.3,
,,,５号線東西線,中野,西船橋,30.8,
,,,９号線千代田線,綾瀬,代々木上原,21.9,
,,,９号線千代田線(1),綾瀬,北綾瀬,2.1,
,,,８号線有楽町線,和光市,新木場,28.3,
,,,１１号線半蔵門線,渋谷,押上,16.8,
,,,７号線南北線,目黒,赤羽岩淵,21.3,
,,,１３号線副都心線,池袋,渋谷,8.9,
東京都交通局,128.9,,,,,,
,,,１号線浅草線,西馬込,押上,18.3,
,,,６号線三田線,目黒,白金高輪,,第２種　第１種は東京地下鉄　距離合計から除外（距離2.3km）
,,,６号線三田線(1),白金高輪,西高島平,24.2,
,,,１０号線新宿線,新宿,本八幡,23.5,
,,,１２号線大江戸線,都庁前,光が丘,40.7,都庁前−新宿西口−新宿−都庁前−光が丘
,,懸垂,上野懸垂線,上野動物園東園,上野動物園西園,0.3,
,,案内,日暮里・舎人ライナー,日暮里,見沼代親水公園,9.7,軌道法
,,軌道,荒川線,三ノ輪橋,早稲田,12.2,
相模鉄道,35.9,,,,,,
,,,本線,横浜,海老名,24.6,
,,,いずみ野線,二俣川,湘南台,11.3,
江ノ島電鉄,10.0,,,,,,
,,,江ノ島電鉄線,藤沢,鎌倉,10.0,
箱根登山鉄道,16.2,,,,,,
,,,鉄道線,小田原,強羅,15.0,
,,鋼索,鋼索線,強羅,早雲山,1.2,
大山観光電鉄,0.8,,,,,,
,,鋼索,大山鋼索線,大山ケーブル,阿夫利神社,0.8,
湘南モノレール,6.6,,,,,,
,,懸垂,江の島線,大船,湘南江の島,6.6,
横浜新都市交通,10.6,,,,,,
,,案内,金沢シーサイドライン,新杉田,金沢八景,10.6,軌道法
横浜市交通局,53.4,,,,,,
,,,１号線,関内,湘南台,19.7,
,,,３号線,関内,あざみ野,20.7,
,,,４号線,日吉,中山,13.0,
横浜高速鉄道,4.1,,,,,,
,,,みなとみらい２１線,横浜,元町・中華街,4.1,
富士急行,26.6,,,,,,
,,,大月線,大月,富士山,23.6,
,,,河口湖線,富士山,河口湖,3.0,
伊豆箱根鉄道,29.7,,,,,,
,,,大雄山線,小田原,大雄山,9.6,
,,,駿豆線,三島,修善寺,19.8,
,,鋼索,十国鋼索線,十国登り口,十国峠,0.3,
伊豆急行,45.7,,,,,,
,,,伊豆急行線,伊東,伊豆急下田,45.7,
岳南鉄道,9.2,,,,,
,,,岳南線,吉原,岳南江尾,9.2
静岡鉄道,11.0,,,,,
,,,静岡清水線,新静岡,新清水,11.0
大井川鐵道,65.0,,,,,
,,,大井川本線,金谷,千頭,39.5
,,,井川線,千頭,井川,25.5
遠州鉄道,17.8,,,,,
,,,鉄道線,新浜松,西鹿島,17.8
天竜浜名湖鉄道,67.7,,,,,
,,,天竜浜名湖線,掛川,新所原,67.7
名古屋鉄道,444.2,,,,,
,,,名古屋本線,豊橋,名鉄岐阜,99.8
,,,西尾線,新安城,吉良吉田,24.7
,,,三河線,猿投,碧南,39.8
,,,豊田線,赤池,梅坪,15.2
,,,蒲郡線,吉良吉田,蒲郡,17.6,
,,,常滑線,神宮前,常滑,29.3,
,,,築港線,大江,東名古屋港,1.5,
,,,河和線,太田川,河和,28.8,
,,,知多新線,富貴,内海,13.9,
,,,瀬戸線,栄町,尾張瀬戸,20.6,
,,,小牧線,上飯田,味鋺,2.3,第２種　第３種は上飯田連絡線
,,,小牧線(1),味鋺,犬山,18.3,
,,,各務原線,名鉄岐阜,新鵜沼,17.6,
,,,犬山線,枇杷島分岐点,新鵜沼,26.8,
,,,広見線,犬山,御嵩,22.3,
,,,津島線,須ヶ口,津島,11.8,
,,,尾西線,弥富,玉ノ井,30.9,
,,,竹鼻線,笠松,江吉良,10.3,
,,,羽島線,江吉良,新羽島,1.3,
,,,豊川線,国府,豊川稲荷,7.2,軌道法
,,,空港線,常滑,中部国際空港,4.2,第２種　第３種は中部国際空港連絡鉄道
豊橋鉄道,23.4,,,,,,
,,,渥美線,新豊橋,三河田原,18.0,
,,軌道,東田本線,駅前,赤岩口,4.8,
,,軌道,東田本線(1),井原,運動公園前,0.6,
名古屋臨海高速鉄道,15.2,,,,,,
,,,西名古屋港線,名古屋,金城ふ頭,15.2,
愛知環状鉄道,45.3,,,,,,
,,,愛知環状鉄道線,岡崎,高蔵寺,45.3,
東海交通事業,11.2,,,,,,
,,,城北線,勝川,枇杷島,11.2,第２種　第１種は東海旅客鉄道
名古屋ガイドウェイバス,6.5,,,,,,
,,案内,ガイドウェイバス志段味線,大曽根,小幡緑地,6.5,軌道法
愛知高速交通,8.9,,,,,,
,,浮上,東部丘陵線,藤が丘,八草,8.9,軌道法
名古屋市交通局,93.3,,,,,,
,,,１号線東山線,高畑,藤が丘,20.6,
,,,２号線名城線及び名港線,大曽根,名古屋港,14.9,
,,,４号線名城線,大曽根,金山,17.5,
,,,３号線鶴舞線,上小田井,赤池,20.4,
,,,６号線桜通線,中村区役所,徳重,19.1,
,,,上飯田線,平安通,上飯田,0.8,第２種　第３種は上飯田連絡線
三岐鉄道,47.0,,,,,,
,,,三岐線,三岐朝明（信）,西藤原,25.5,
,,,近鉄連絡線,三岐朝明（信）,近鉄富田,1.1,
,,,北勢線,西桑名,阿下喜,20.4,
伊勢鉄道,22.3,,,,,,
,,,伊勢線,河原田,津,22.3,
養老鉄道,57.5,,,,,,
,,,養老線,桑名,揖斐,57.5,第２種　第３種は近畿日本鉄道
伊賀鉄道,16.6,,,,,,
,,,伊賀線,伊賀上野,伊賀神戸,16.6,第２種　第３種は近畿日本鉄道
明知鉄道,25.1,,,,,,
,,,明知線,恵那,明智,25.1,
長良川鉄道,72.1,,,,,,
,,,越美南線,美濃太田,北濃,72.1,
樽見鉄道,34.5,,,,,,
,,,樽見線,大垣,樽見,34.5,
富山地方鉄道,100.5,,,,,,
,,,本線,電鉄富山,宇奈月温泉,53.3,
,,,立山線,寺田,立山,24.2,
,,,不二越線,稲荷町,南富山,3.3,
,,,上滝線,南富山,岩峅寺,12.4,
,,軌道,本線(1),富山駅前,南富山駅前,3.6,
,,軌道,支線,富山駅前,丸の内,1.0,
,,軌道,安野屋線,丸の内,安野屋,0.6,
,,軌道,呉羽線,安野屋,大学前,1.2,
,,軌道,富山都心線,丸の内,西町,0.9,軌道運送事業　軌道整備事業者は富山市
富山ライトレール,7.6,,,,,,
,,軌道,富山港線,富山駅北,奥田中学校前,1.1,
,,軌道,富山港線(1),奥田中学校前,岩瀬浜,6.5,鉄道事業法
黒部峡谷鉄道,20.1,,,,,,
,,,本線,宇奈月,欅平,20.1,
万葉線,12.8,,,,,,
,,軌道,新湊港線,越ノ潟,六渡寺,4.9,鉄道事業法
,,軌道,高岡軌道線,高岡駅前,六渡寺,7.9,
立山黒部貫光,5.8,,,,,,
,,鋼索,鋼索線,黒部湖,黒部平,0.8,
,,鋼索,鋼索線(1),立山,美女平,1.3,
,,無軌,無軌条電車線,室堂,大観峰,3.7,
北陸鉄道,20.6,,,,,,
,,,浅野川線,北鉄金沢,内灘,6.8,
,,,石川線,野町,鶴来,13.8,
のと鉄道,28.0,,,,,,
,,,七尾線,七尾,和倉温泉,,第２種　第１種は西日本旅客鉄道　距離合計から除外（距離5.1km）
,,,七尾線(1),和倉温泉,穴水,28.0,第２種　第３種は西日本旅客鉄道
福井鉄道,21.4,,,,,,
,,軌道,福武線,越前武生,鉄軌分界点,18.1,鉄道事業法
,,軌道,福武線(1),鉄軌分界点,田原町,2.8,
,,軌道,福武線(2),市役所前,福井駅前,0.5,
えちぜん鉄道,53.0,,,,,,
,,,勝山永平寺線,福井,勝山,27.8,
,,,三国芦原線,福井口,三国港,25.2,
近江鉄道,59.5,,,,,,
,,,本線,米原,貴生川,47.7,
,,,多賀線,高宮,多賀大社前,2.5,
,,,八日市線,八日市,近江八幡,9.3,
信楽高原鐵道,14.7,,,,,,
,,,信楽線,貴生川,信楽,14.7,
比叡山鉄道,2.0,,,,,,
,,鋼索,比叡山鉄道線,ケーブル坂本,ケーブル延暦寺,2.0,
京福電気鉄道,12.3,,,,,,
,,鋼索,鋼索線,ケーブル八瀬,ケーブル比叡,1.3,
,,軌道,嵐山本線,四条大宮,嵐山,7.2,
,,軌道,北野線,北野白梅町,帷子ノ辻,3.8,
北近畿タンゴ鉄道,114.0,,,,,,
,,,宮福線,宮津,福知山,30.4,
,,,宮津線,西舞鶴,豊岡,83.6,
嵯峨野観光鉄道,7.3,,,,,,
,,,嵯峨野観光線,トロッコ嵯峨,トロッコ亀岡,7.3,第２種　第１種は西日本旅客鉄道
叡山電鉄,14.4,,,,,,
,,,叡山本線,出町柳,八瀬比叡山口,5.6,
,,,鞍馬線,宝ヶ池,鞍馬,8.8,
丹後海陸交通,0.4,,,,,,
,,鋼索,天橋立鋼索鉄道,府中,傘松,0.4,
京都市交通局,31.2,,,,,,
,,,烏丸線,国際会館,竹田,13.7,
,,,東西線,六地蔵,太秦天神川,17.5,
鞍馬寺,0.2,,,,,,
,,鋼索,鞍馬寺鋼索鉄道,山門,多宝塔,0.2,
近畿日本鉄道,508.1,,,,,,
,,,大阪線,大阪上本町,伊勢中川,108.9,
,,,難波線,大阪上本町,大阪難波,2.0,
,,,山田線,伊勢中川,宇治山田,28.3,
,,,奈良線,布施,近鉄奈良,26.7,
,,,けいはんな線,長田,鉄軌分界点,5.1,軌道法
,,,けいはんな線(1),鉄軌分界点,生駒,5.1,
,,,けいはんは線(2),生駒,学研奈良登美ヶ丘,8.6,第２種　第３種は奈良生駒高速鉄道
,,,橿原線,大和西大寺,橿原神宮前,23.8,
,,,天理線,平端,天理,4.5,
,,,信貴線,河内山本,信貴山口,2.8,
,,,南大阪線,大阪阿部野橋,橿原神宮前,39.7,
,,,吉野線,橿原神宮前,吉野,25.2
,,,長野線,古市,河内長野,12.5
,,,京都線,京都,大和西大寺,34.6
,,,生駒線,王寺,生駒,12.4
,,,田原本線,西田原本,新王寺,10.1
,,,道明寺線,道明寺,柏原,2.2
,,,御所線,尺土,近鉄御所,5.2
,,,名古屋線,伊勢中川,近鉄名古屋,78.8
,,,鈴鹿線,伊勢若松,平田町,8.2
,,,湯の山線,近鉄四日市,湯の山温泉,15.4
,,,内部線,近鉄四日市,内部,5.7
,,,八王子線,日永,西日野,1.3
,,,志摩線,鳥羽,賢島,24.5
,,,鳥羽線,宇治山田,鳥羽,13.2
,,鋼索,生駒鋼索線,鳥居前,生駒山上,2.0
,,鋼索,西信貴鋼索線,信貴山口,高安山,1.3
京阪電気鉄道,91.1,,,,,,
,,,交野線,枚方市,私市,6.9,
,,,京阪本線,淀屋橋,東福寺,46.1,
,,,京阪本線(1),東福寺,三条,3.2,軌道法
,,,宇治線,中書島,宇治,7.6,
,,,鴨東線,三条,出町柳,2.3,
,,,中之島線,中之島,天満橋,3.0,第２種　第３種は中之島高速鉄道
,,鋼索,鋼索線,八幡市,男山山上,0.4,
,,,京津線,御陵,浜大津,7.5,軌道法
,,,石山坂本線,石山寺,坂本,14.1,軌道法
阪急電鉄,138.4,,,,,,
,,,京都線,十三,河原町,45.3,
,,,千里線,天神橋筋六丁目,北千里,13.6,
,,,嵐山線,桂,嵐山,4.1,
,,,神戸線,梅田,三宮,32.3,
,,,今津線,宝塚,今津,9.3,
,,,伊丹線,塚口,伊丹,3.1,
,,,甲陽線,夙川,甲陽園,2.2,
,,,宝塚線,梅田,宝塚,24.5,
,,,箕面線,石橋,箕面,4.0,
,,,神戸高速線,三宮,新開地,,第２種　第３種は神戸高速鉄道　距離合計から除外（距離2.8km）
阪神電気鉄道,43.9,,,,,,
,,,本線,元町,梅田,32.1,
,,,阪神なんば線,尼崎,西九条,6.3,
,,,阪神なんば線(1),西九条,大阪難波,3.8,第２種　第３種は西大阪高速鉄道
,,,武庫川線,武庫川,武庫川団地前,1.7,
,,,神戸高速線,元町,西代,,第２種　第３種は神戸高速鉄道　距離合計から除外（距離5.0km）
南海電気鉄道,154.8,,,,,,
,,,南海本線,難波,和歌山市,64.2,
,,,高師浜線,羽衣,高師浜,1.5,
,,,空港線,泉佐野,りんくうタウン,1.9,
,,,空港線(1),りんくうタウン,関西空港,6.9,第２種　第３種は関西国際空港
,,,多奈川線,みさき公園,多奈川,2.6,
,,,加太線,紀ノ川,加太,9.6,
,,,和歌山港線,和歌山市,県社分界点,0.8,
,,,和歌山港線(1),県社分界点,和歌山港,2.0,第２種　第３種は和歌山県
,,,高野線,汐見橋,極楽橋,64.5,
,,鋼索,鋼索線,極楽橋,高野山,0.8,
北大阪急行,5.9,,,,,,
,,,南北線,江坂,千里中央,5.9,
大阪府都市開発,14.3,,,,,,
,,,泉北高速鉄道線,中百舌鳥,和泉中央,14.3,
水間鉄道,5.5,,,,,,
,,,水間線,貝塚,水間観音,5.5,
阪堺電気軌道,18.7,,,,,,
,,軌道,阪堺線,恵美須町,浜寺駅前,14.1,
,,軌道,上町線,天王寺駅前,住吉公園,4.6,
大阪高速鉄道,28.0,,,,,,
,,跨座,大阪モノレール線,大阪空港,門真市,21.2,軌道法
,,跨座,国際文化公園都市モノレール線（彩都線）,万博記念公園,彩都西,6.8,軌道法
大阪市交通局,137.8,,,,,,
,,,１号線（御堂筋線）,江坂,中百舌鳥,24.5,軌道法
,,,２号線（谷町線）,大日,八尾南,28.1,軌道法
,,,３号線（四つ橋線）,西梅田,住之江公園,11.4,軌道法
,,,４号線（中央線）,大阪港,長田,15.5,軌道法
,,,４号線（中央線）(1),大阪港,コスモスクエア,2.4,第２種　第３種は大阪港トランスポートシステム
,,,５号線（千日前線）,野田阪神,南巽,12.6,軌道法
,,,６号線（堺筋線）,天神橋筋六丁目,天下茶屋,8.5,軌道法
,,,７号線（長堀鶴見緑地線）,大正,門真南,15.0,軌道法
,,,８号線（今里筋線）,井高野,今里,11.9,軌道法
,,案内,南港ポートタウン線,中ふ頭,フェリーターミナル,2.7,
,,案内,南港ポートタウン線(1),フェリーターミナル,住之江公園,3.9,軌道法
,,案内,南港ポートタウン線(2),コスモスクエア,トレードセンター前,0.6,第２種　第３種は大阪港トランスポートシステム
,,案内,南港ポートタウン線(3),トレードセンター前,中ふ頭,0.7,軌道法
和歌山電鐵,14.3,,,,,,
,,,貴志川線,和歌山,貴志,14.3,
紀州鉄道,2.7,,,,,,
,,,紀州鉄道線,御坊,西御坊,2.7,
神戸電鉄,69.2,,,,,,
,,,有馬線,湊川,有馬温泉,22.5,
,,,三田線,有馬口,三田,12.0,
,,,公園都市線,横山,ウッディタウン中央,5.5,
,,,粟生線,鈴蘭台,粟生,29.2,
,,,神戸高速線,新開地,湊川,,第２種　第３種は神戸高速鉄道　距離合計から除外（距離0.4km）
山陽電気鉄道,63.2,,,,,,
,,,本線,西代,山陽姫路,54.7,
,,,網干線,飾磨,山陽網干,8.5,
能勢電鉄,15.4,,,,,,
,,,妙見線,川西能勢口,妙見口,12.2,
,,,日生線,山下,日生中央,2.6,
,,鋼索,（なし）,黒川,ケーブル山上,0.6,
神戸高速鉄道,7.6,,,,,,
,,,東西線,西代,三宮,5.7,第３種
,,,東西線(1),高速神戸,元町,1.5,第３種
,,,南北線,新開地,湊川,0.4,第３種
北神急行,7.5,,,,,,
,,,北神線,新神戸,谷上,7.5,第２種　第３種は神戸高速鉄道
北条鉄道,13.6,,,,,,
,,,北条線,粟生,北条町,13.6,
神戸新交通,15.3,,,,,,
,,案内,ポートアイランド線,三宮,ポートターミナル,1.8,軌道法
,,案内,ポートアイランド線(1),ポートターミナル,中公園,1.0,
,,案内,ポートアイランド線(2),中公園,神戸空港,5.4,軌道法
,,案内,ポートアイランド線(3),市民広場,南公園,0.6,軌道法
,,案内,ポートアイランド線(4),南公園,中公園,2.0,
,,案内,六甲アイランド線,住吉,南魚崎,2.0,軌道法
,,案内,六甲アイランド線(1),南魚崎,アイランド北口,1.5,
,,案内,六甲アイランド線(2),アイランド北口,マリンパーク,1.0,軌道法
六甲摩耶鉄道,1.7,,,,,,
,,鋼索,六甲ケーブル線,六甲ケーブル下,六甲山上,1.7,
神戸市交通局,30.6,,,,,,
,,,西神延伸線,名谷,西神中央,9.4,
,,,西神線,名谷,新長田,5.7,
,,,山手線,新長田,新神戸,7.6,
,,,海岸線,三宮・花時計前,新長田,7.9,
神戸市都市整備公社,0.9,,,,,,
,,鋼索,摩耶ケーブル線,摩耶ケーブル,虹,0.9,
水島臨海鉄道,10.4,,,,,,
,,,水島本線,倉敷市,三菱自工前,10.4,
岡山電気軌道,4.7,,,,,,
,,軌道,東山本線,岡山駅前,東山,3.1,
,,軌道,清輝橋線,柳川,清輝橋,1.6,
井原鉄道,38.3,,,,,,
,,,井原線,総社,清音,,第２種　第１種は西日本旅客鉄道　距離合計から除外（距離3.4km）
,,,井原線(1),清音,神辺,38.3,
広島電鉄,35.1,,,,,,
,,軌道,宮島線,広電西広島（己斐）,広電宮島口,16.1,鉄道事業法
,,軌道,本線,広島駅前,広電西広島（己斐）,5.4,
,,軌道,宇品線,紙屋町,広島港,5.9,
,,軌道,江波線,土橋,江波,2.6,
,,軌道,横川線,十日市町,横川駅,1.4,
,,軌道,皆実線,的場町,皆実町六丁目,2.5,
,,軌道,白島線,八丁堀,白島,1.2,
広島高速交通,18.4,,,,,,
,,案内,広島新交通１号線,本通,県庁前,0.3,
,,案内,広島新交通１号線(1),県庁前,広域公園前,18.1,軌道法
スカイレールサービス,1.3,,,,,,
,,懸垂,広島短距離交通瀬野線,みどり口,みどり中央,1.3,軌道法
錦川鉄道,32.7,,,,,,
,,,錦川清流線,川西,錦町,32.7,
智頭急行,56.1,,,,,,
,,,智頭線,上郡,智頭,56.1,
若桜鉄道,19.2,,,,,,
,,,若桜線,郡家,若桜,19.2,第２種　第３種は若桜町・八頭町
一畑電車,42.2,,,,,,
,,,北松江線,電鉄出雲市,松江しんじ湖温泉,33.9,
,,,大社線,川跡,出雲大社前,8.3,
高松琴平電気鉄道,60.0,,,,,,
,,,琴平線,高松築港,琴電琴平,32.9,
,,,志度線,瓦町,琴電志度,12.5,
,,,長尾線,瓦町,長尾,14.6,
四国ケーブル,0.7,,,,,,
,,鋼索,（なし）,八栗登山口,八栗山上,0.7,
伊予鉄道,43.5,,,,,,
,,,高浜線,高浜,松山市,9.4,
,,,横河原線,松山市,横河原,13.2,
,,,郡中線,松山市,郡中港,11.3,
,,軌道,城北線,古町,平和通一丁目,2.7,鉄道事業法
,,軌道,城南線,道後温泉,西堀端,3.5,
,,軌道,城南線(1),平和通１丁目,上一万,0.1,
,,軌道,本町線,西堀端,本町６丁目,1.5,
,,軌道,大手町線,西堀端,松山駅前,0.6,
,,軌道,大手町線(1),古町,松山駅前,0.8,
,,軌道,花園線,松山市駅前,南堀端,0.4,
阿佐海岸鉄道,8.5,,,,,,
,,,阿佐東線,海部,甲浦,8.5,
土佐くろしお鉄道,109.3,,,,,,
,,,中村線,窪川,中村,43.0,
,,,宿毛線,宿毛,中村,23.6,
,,,阿佐線,後免,奈半利,42.7,
土佐電気鉄道,25.3,,,,,,
,,軌道,伊野線,はりまや橋,伊野,11.2,
,,軌道,後免線,はりまや橋,後免町,10.9,
,,軌道,駅前線,はりまや橋,高知駅前,0.8,
,,軌道,桟橋線,はりまや橋,桟橋通五丁目,2.4,
西日本鉄道,106.1,,,,,,
,,,天神大牟田線,西鉄福岡（天神）,大牟田,74.8,
,,,太宰府線,西鉄二日市,太宰府,2.4,
,,,貝塚線,貝塚,西鉄新宮,11.0,
,,,甘木線,甘木,宮の陣,17.9,
筑豊電気鉄道,16.0,,,,,,
,,軌道,（なし）,黒崎駅前,熊西,0.6,鉄道事業法　第２種　第３種は西日本鉄道
,,軌道,（なし）(1),熊西,筑豊直方,15.4,鉄道事業法
平成筑豊鉄道,51.3,,,,,,
,,,伊田線,直方,田川伊田,16.1,
,,,糸田線,金田,田川後藤寺,6.8,
,,,田川線,行橋,田川伊田,26.3,
,,,門司港レトロ観光線,九州鉄道記念館,関門海峡めかり,2.1,第２種　第３種は北九州市
帆柱ケーブル,1.1,,,,,,
,,鋼索,（なし）,山麓,山上,1.1,
甘木鉄道,13.7,,,,,,
,,,甘木線,基山,甘木,13.7,
北九州高速鉄道,8.8,,,,,,
,,跨座,小倉線,小倉,企救丘,8.8,軌道法
福岡市交通局,29.8,,,,,,
,,,１号線（空港線）,姪浜,福岡空港,13.1,
,,,２号線（箱崎線）,中洲川端,貝塚,4.7,
,,,３号線（七隈線）,橋本,天神南,12.0,
松浦鉄道,93.8,,,,,,
,,,西九州線,有田,佐世保,93.8,
島原鉄道,43.2,,,,,,
,,,島原鉄道線,諫早,島原外港,43.2,
長崎電気軌道,11.5,,,,,
,,軌道,赤迫支線,赤迫,住吉,0.3
,,軌道,本線,住吉,正覚寺下,7.0
,,軌道,桜町支線,長崎駅前,公会堂前,0.9
,,軌道,大浦支線,築町,石橋,1.1
,,軌道,蛍茶屋支線,西浜町,蛍茶屋,2.2
肥薩おれんじ鉄道,116.9,,,,,
,,,肥薩おれんじ鉄道線,八代,川内,116.9
熊本電気鉄道,13.1,,,,,
,,,菊池線,上熊本,御代志,10.8
,,,藤崎線,北熊本,藤崎宮前,2.3
南阿蘇鉄道,17.7,,,,,
,,,高森線,立野,高森,17.7
くま川鉄道,24.8,,,,,
,,,湯前線,人吉温泉,湯前,24.8
熊本市交通局,12.1,,,,,
,,軌道,幹線,熊本駅前,水道町,3.3,
,,軌道,水前寺線,水道町,水前寺公園,2.4,
,,軌道,健軍線,水前寺公園,健軍町,3.0,
,,軌道,上熊本線,辛島町,上熊本駅前,2.9,
,,軌道,田崎線,熊本駅前,田崎橋,0.5,
岡本製作所,0.3,,,,,,
,,鋼索,別府ラクテンチケーブル線,雲泉寺,乙原,0.3,
鹿児島市交通局,13.1,,,,,,
,,軌道,第一期線,武之橋,鹿児島駅前,3.0,
,,軌道,第二期線,高見馬場,鹿児島中央駅前,0.9,
,,軌道,谷山線,武之橋,谷山,6.4,
,,軌道,唐湊線,鹿児島中央駅前,郡元,2.8,
沖縄都市モノレール,12.9,,,,,,
,,跨座,沖縄都市モノレール線,那覇空港,首里,12.9,軌道法

＜休止・運休中路線＞,,,,,,,
なし
