line_cd,line_sort,rr_name,line_type,enabled,last_date,line_name,line_nickname
11101,11101,2,1,,JR北海道,函館本線(函館〜長万部),
11102,11102,2,1,,JR北海道,函館本線(長万部〜小樽),
11103,11103,2,1,,JR北海道,函館本線(小樽〜旭川),
11104,11104,2,1,,JR北海道,室蘭本線(長万部〜苫小牧),
11105,11105,2,1,,JR北海道,室蘭本線(苫小牧〜岩見沢),
11106,11106,2,1,,JR北海道,根室本線(滝川〜新得),
11107,11107,2,1,,JR北海道,根室本線(新得〜釧路),
11108,11108,2,1,,JR北海道,根室本線(釧路〜根室),花咲線
11109,11109,2,1,,JR北海道,千歳線,
11110,11110,2,1,,JR北海道,石勝線,
11111,11111,2,1,,JR北海道,日高本線,
11112,11112,2,1,,JR北海道,札沼線,
11113,11113,2,1,,JR北海道,留萌本線,
11114,11114,2,1,,JR北海道,富良野線,
11115,11115,2,1,,JR北海道,宗谷本線,
11116,11116,2,1,,JR北海道,石北本線,
11117,11117,2,1,,JR北海道,釧網本線,
11118,11118,2,1,,JR北海道,海峡線,
11119,11119,2,1,,JR北海道,江差線,
11182,11101,2,1,,JR北海道,函館本線(砂原線),
11184,11104,2,1,,JR北海道,室蘭本線(室蘭支線),
11189,11109,2,1,,JR北海道,千歳線(新千歳空港支線),
11190,11110,2,1,,JR北海道,石勝線(夕張支線),
11201,11201,2,1,,JR東日本,東北本線(八戸〜青森),
11202,11202,2,1,,JR東日本,奥羽本線(新庄〜青森),
11203,11203,2,1,,JR東日本,大湊線,はまなすベイライン大湊線
11204,11204,2,1,,JR東日本,五能線,
11205,11205,2,1,,JR東日本,津軽線,
11206,11206,2,1,,JR東日本,八戸線,
11207,11207,2,1,,JR東日本,岩泉線,
11208,11208,2,1,,JR東日本,大船渡線,ドラゴンレール大船渡線
11209,11209,2,1,,JR東日本,釜石線,銀河ドリームライン釜石線
11210,11210,2,1,,JR東日本,北上線,
11211,11211,2,1,,JR東日本,田沢湖線,
11212,11212,2,1,,JR東日本,花輪線,十和田八幡平四季彩ライン
11213,11213,2,1,,JR東日本,山田線,
11214,11214,2,1,,JR東日本,羽越本線,
11215,11215,2,1,,JR東日本,男鹿線,
11216,11216,2,1,,JR東日本,奥羽本線(福島〜新庄),山形線
11217,11217,2,1,,JR東日本,仙山線,
11218,11218,2,1,,JR東日本,左沢線,フルーツライン左沢線
11219,11219,2,1,,JR東日本,米坂線,
11220,11220,2,1,,JR東日本,陸羽西線,奥の細道最上川ライン
11221,11221,2,1,,JR東日本,陸羽東線,奥の細道湯けむりライン
11222,11222,2,1,,JR東日本,仙石線,
11223,11223,2,1,,JR東日本,石巻線,
11224,11224,2,1,,JR東日本,気仙沼線,
11225,11225,2,1,,JR東日本,磐越西線(郡山〜会津若松),
11226,11226,2,1,,JR東日本,磐越西線(会津若松〜新津),森と水とロマンの鉄道
11227,11227,2,1,,JR東日本,只見線,
11228,11228,2,1,,JR東日本,磐越東線,ゆうゆうあぶくまライン
11229,11229,2,1,,JR東日本,常磐線(取手〜いわき),
11230,11230,2,1,,JR東日本,常磐線(いわき〜仙台),
11231,11202,2,1,,JR東日本,東北本線(黒磯〜盛岡),
11271,11202,2,1,,JR東日本,東北本線(利府支線),
11301,11301,2,1,,JR東日本,東海道本線(東京〜熱海),
11302,11302,2,1,,JR東日本,山手線,
11303,11303,2,1,,JR東日本,南武線,
11304,11304,2,1,,JR東日本,鶴見線,
11305,11305,2,1,,JR東日本,武蔵野線,
11306,11306,2,1,,JR東日本,横浜線,
11307,11307,2,1,,JR東日本,根岸線,
11308,11308,2,1,,JR東日本,横須賀線,
11309,11309,2,1,,JR東日本,相模線,
11311,11311,2,1,,JR東日本,中央本線(東京〜塩尻),
11312,11312,2,1,,JR東日本,中央線(快速),
11313,11313,2,1,,JR東日本,中央・総武線,
11314,11314,2,1,,JR東日本,総武本線,
11315,11315,2,1,,JR東日本,青梅線,
11316,11316,2,1,,JR東日本,五日市線,
11317,11317,2,1,,JR東日本,八高線(八王子〜高麗川),
11318,11318,2,1,,JR東日本,八高線(高麗川〜高崎),
11319,11319,2,1,,JR東日本,東北本線(宇都宮線),
11320,11320,2,1,,JR東日本,常磐線(上野〜取手),
11321,11321,2,1,,JR東日本,埼京線,
11322,11322,2,1,,JR東日本,川越線,
11323,11323,2,1,,JR東日本,高崎線,
11324,11324,2,1,,JR東日本,外房線,
11325,11325,2,1,,JR東日本,内房線,
11326,11326,2,1,,JR東日本,京葉線,
11327,11327,2,1,,JR東日本,成田線,
11329,11329,2,1,,JR東日本,鹿島線,
11330,11330,2,1,,JR東日本,久留里線,
11331,11331,2,1,,JR東日本,東金線,
11332,11332,2,1,,JR東日本,京浜東北線,
11333,11333,2,1,,JR東日本,湘南新宿ライン,
11334,11334,2,1,,JR東日本,烏山線,
11335,11335,2,1,,JR東日本,吾妻線,
11337,11337,2,1,,JR東日本,信越本線,
11338,11338,2,1,,JR東日本,水郡線,
11339,11339,2,1,,JR東日本,水戸線,
11340,11340,2,1,,JR東日本,日光線,
11341,11341,2,1,,JR東日本,両毛線,
11342,11342,2,1,,JR東日本,上越線,
11373,11303,2,1,,JR東日本,南武線(南武支線),
11374,11304,2,1,,JR東日本,鶴見線(海芝浦支線),
11375,11304,2,1,,JR東日本,鶴見線(大川支線),
11376,11326,2,1,,JR東日本,京葉線(西船橋回り),
11377,11327,2,1,,JR東日本,成田線(空港線),
11381,11311,2,1,,JR東日本,中央本線(辰野回り),
11388,11338,2,1,,JR東日本,水郡線(上菅谷〜常陸太田),
11378,11327,2,1,,JR東日本,成田線(我孫子支線),
11401,11401,2,1,,JR東日本,小海線,八ヶ岳高原線
11402,11402,2,1,,JR東日本,身延線,
11403,11403,2,1,,JR東日本,信越本線(篠ノ井〜直江津),
11404,11404,2,1,,JR東日本,信越本線(直江津〜新潟),
11405,11405,2,1,,JR西日本,北陸本線(富山〜直江津),
11406,11406,2,1,,JR東日本,白新線,
11407,11407,2,1,,JR東日本,飯山線,
11408,11408,2,1,,JR東日本,越後線,
11409,11409,2,1,,JR東日本,大糸線,
11410,11410,2,1,,JR東日本,弥彦線,
11411,11411,2,1,,JR東海,中央本線(名古屋〜塩尻),
11412,11412,2,1,,JR東海,篠ノ井線,
11413,11413,2,1,,JR東海,飯田線(豊橋〜天竜峡),
11414,11414,2,1,,JR東海,飯田線(天竜峡〜辰野),
11415,11415,2,1,,JR西日本,北陸本線(米原〜富山),
11416,11416,2,1,,JR東海,高山本線(岐阜〜猪谷),
11417,11417,2,1,,JR西日本,城端線,
11418,11418,2,1,,JR西日本,氷見線,
11419,11419,2,1,,JR西日本,七尾線,
11420,11420,2,1,,JR西日本,北陸本線(敦賀〜敦賀港),
11421,11421,2,1,,JR西日本,越美北線,九頭竜線
11422,11422,2,1,,JR西日本,小浜線,
11476,11416,2,1,,JR西日本,高山本線(猪谷〜富山),
11501,11501,2,1,,JR東海,東海道本線(熱海〜浜松),
11502,11502,2,1,,JR東海,東海道本線(浜松〜岐阜),
11503,11503,2,1,,JR東海,東海道本線(岐阜〜米原),
11504,11504,2,1,,JR東日本,伊東線,
11505,11505,2,1,,JR東海,御殿場線,
11506,11506,2,1,,JR東海,武豊線,
11507,11507,2,1,,JR東海,太多線,
11508,11508,2,1,,JR東海,関西本線(名古屋〜亀山),
11509,11509,2,1,,JR西日本,関西本線(亀山〜加茂),
11510,11510,2,1,,JR東海,紀勢本線(亀山〜新宮),
11511,11511,2,1,,JR西日本,草津線,
11512,11512,2,1,,JR東海,参宮線,
11513,11513,2,1,,JR東海,名松線,
11573,11503,2,1,,JR東海,東海道本線(新垂井回り),
11574,11503,2,1,,JR東海,東海道本線(美濃赤坂支線),
11601,11601,2,1,,JR西日本,東海道本線(米原〜京都),琵琶湖線
11602,11602,2,1,,JR西日本,東海道本線(京都〜大阪),京都線
11603,11603,2,1,,JR西日本,東海道本線(大阪〜神戸),神戸線
11605,11605,2,1,,JR西日本,湖西線,
11607,11607,2,1,,JR西日本,関西本線(加茂〜ＪＲ難波),大和路線
11608,11608,2,1,,JR西日本,山陽本線(神戸〜姫路),神戸線
11609,11609,2,1,,JR西日本,山陽本線(姫路〜岡山),
11610,11610,2,1,,JR西日本,山陽本線(岡山〜三原),
11611,11611,2,1,,JR西日本,山陽本線(三原〜岩国),
11612,11612,2,1,,JR西日本,山陽本線(岩国〜下関),
11613,11613,2,1,,JR西日本,山陽本線(兵庫〜和田岬),
11614,11614,2,1,,JR西日本,山陰本線(京都〜園部),嵯峨野線
11615,11615,2,1,,JR西日本,山陰本線(園部〜豊岡),
11616,11616,2,1,,JR西日本,山陰本線(豊岡〜米子),
11617,11617,2,1,,JR西日本,片町線,学研都市線
11618,11618,2,1,,JR西日本,奈良線,
11622,11622,2,1,,JR西日本,舞鶴線,
11623,11623,2,1,,JR西日本,大阪環状線,
11624,11624,2,1,,JR西日本,桜島線,ゆめ咲線
11625,11625,2,1,,JR西日本,JR東西線,
11626,11626,2,1,,JR西日本,阪和線(天王寺〜和歌山),
11627,11627,2,1,,JR西日本,阪和線(鳳〜東羽衣),
11628,11628,2,1,,JR西日本,関西空港線,
11629,11629,2,1,,JR西日本,福知山線(新大阪〜篠山口),宝塚線
11630,11630,2,1,,JR西日本,福知山線(篠山口〜福知山),
11631,11631,2,1,,JR西日本,赤穂線,
11632,11632,2,1,,JR西日本,加古川線,
11633,11633,2,1,,JR西日本,姫新線(姫路〜佐用),
11634,11634,2,1,,JR西日本,姫新線(佐用〜新見),
11635,11635,2,1,,JR西日本,播但線,
11636,11636,2,1,,JR西日本,和歌山線,
11637,11637,2,1,,JR西日本,桜井線,
11639,11639,2,1,,JR西日本,紀勢本線(新宮〜和歌山),きのくに線
11640,11640,2,1,,JR西日本,紀勢本線(和歌山〜和歌山市),
11641,11641,2,1,,JR西日本,おおさか東線,
11672,11612,2,1,,JR九州,山陽本線(下関〜門司),
11701,11701,2,1,,JR西日本,山陰本線(米子〜益田),
11702,11702,2,1,,JR西日本,山陰本線(益田〜下関),
11703,11703,2,1,,JR西日本,伯備線,
11704,11704,2,1,,JR西日本,因美線,
11705,11705,2,1,,JR西日本,境線,
11706,11706,2,1,,JR西日本,木次線,
11707,11707,2,1,,JR西日本,三江線,
11708,11708,2,1,,JR西日本,山口線,
11709,11709,2,1,,JR西日本,宇野線,
11710,11710,2,1,,JR西日本,本四備讃線,瀬戸大橋線
11713,11713,2,1,,JR西日本,吉備線,
11714,11714,2,1,,JR西日本,芸備線,
11715,11715,2,1,,JR西日本,津山線,
11716,11716,2,1,,JR西日本,呉線,
11717,11717,2,1,,JR西日本,可部線,
11720,11720,2,1,,JR西日本,福塩線,
11721,11721,2,1,,JR西日本,宇部線,
11722,11722,2,1,,JR西日本,美祢線,
11723,11723,2,1,,JR西日本,小野田線,
11724,11724,2,1,,JR西日本,岩徳線,
11770,11710,2,1,,JR四国,本四備讃線,瀬戸大橋線
11782,11722,2,1,,JR西日本,山陰本線(長門市～仙崎),
11783,11723,2,1,,JR西日本,小野田線(長門本山支線),
11801,11801,2,1,,JR四国,土讃線,
11802,11802,2,1,,JR四国,高徳線,
11803,11803,2,1,,JR四国,徳島線,よしの川ブルーライン
11804,11804,2,1,,JR四国,牟岐線,
11805,11805,2,1,,JR四国,鳴門線,
11806,11806,2,1,,JR四国,予讃線(高松〜松山),
11807,11807,2,1,,JR四国,予讃線(松山〜宇和島・海線),
11808,11808,2,1,,JR四国,予土線,しまんとグリーンライン
11886,11807,2,1,,JR四国,予讃線(向井原〜内子),
11887,11807,2,1,,JR四国,内子線,
11888,11807,2,1,,JR四国,予讃線(新谷〜伊予大洲),
11901,11901,2,1,,JR西日本,博多南線,
11902,11902,2,1,,JR九州,鹿児島本線(門司港〜博多),
11903,11903,2,1,,JR九州,鹿児島本線(博多〜八代),
11904,11904,2,1,,JR九州,鹿児島本線(川内〜鹿児島),
11905,11905,2,1,,JR九州,長崎本線(鳥栖〜長崎),
11975,11905,2,1,,JR九州,長崎本線(旧線),
11906,11906,2,1,,JR九州,日豊本線(門司港〜佐伯),
11907,11907,2,1,,JR九州,日豊本線(佐伯〜鹿児島中央),
11908,11908,2,1,,JR九州,篠栗線,福北ゆたか線
11909,11909,2,1,,JR九州,筑肥線(姪浜〜唐津),
11910,11910,2,1,,JR九州,筑豊本線(若松〜折尾),若松線
11911,11911,2,1,,JR九州,筑豊本線(折尾〜桂川),福北ゆたか線
11912,11912,2,1,,JR九州,筑豊本線(桂川〜原田),原田線
11913,11913,2,1,,JR九州,久大本線,ゆふ高原線
11914,11914,2,1,,JR九州,日田彦山線,
11915,11915,2,1,,JR九州,後藤寺線,
11916,11916,2,1,,JR九州,香椎線(西戸崎〜香椎),海の中道線
11917,11917,2,1,,JR九州,香椎線(香椎〜宇美),
11918,11918,2,1,,JR九州,佐世保線,
11920,11920,2,1,,JR九州,筑肥線(山本〜伊万里),
11921,11921,2,1,,JR九州,唐津線,
11922,11922,2,1,,JR九州,大村線,
11923,11923,2,1,,JR九州,豊肥本線,阿蘇高原線
11924,11924,2,1,,JR九州,三角線,
11925,11925,2,1,,JR九州,肥薩線(八代〜吉松),えびの高原線
11926,11926,2,1,,JR九州,肥薩線(吉松〜隼人),
11927,11927,2,1,,JR九州,宮崎空港線,
11928,11928,2,1,,JR九州,日南線,
11929,11929,2,1,,JR九州,吉都線,えびの高原線
11930,11930,2,1,,JR九州,指宿枕崎線,
21001,21001,2,1,,東武鉄道,東上本線,
21002,21002,2,1,,東武鉄道,伊勢崎線,
21003,21003,2,1,,東武鉄道,日光線,
21004,21004,2,1,,東武鉄道,野田線,
21005,21005,2,1,,東武鉄道,亀戸線,
21006,21006,2,1,,東武鉄道,大師線,
21007,21007,2,1,,東武鉄道,越生線,
21008,21008,2,1,,東武鉄道,宇都宮線,
21009,21009,2,1,,東武鉄道,鬼怒川線,
21010,21010,2,1,,東武鉄道,佐野線,
21011,21011,2,1,,東武鉄道,桐生線,
21012,21012,2,1,,東武鉄道,小泉線,
22001,22001,2,1,,西武鉄道,池袋線,
22002,22002,2,1,,西武鉄道,西武秩父線,
22003,22003,2,1,,西武鉄道,西武有楽町線,
22004,22004,2,1,,西武鉄道,豊島線,
22005,22005,2,1,,西武鉄道,狭山線,
22006,22006,6,1,,西武鉄道,山口線,
22007,22007,2,1,,西武鉄道,新宿線,
22008,22008,2,1,,西武鉄道,拝島線,
22009,22009,2,1,,西武鉄道,西武園線,
22010,22010,2,1,,西武鉄道,国分寺線,
22011,22011,2,1,,西武鉄道,多摩湖線,
22012,22012,2,1,,西武鉄道,多摩川線,
23001,23001,2,1,,京成電鉄,本線,
23002,23002,2,1,,京成電鉄,押上線,
23003,23003,2,1,,京成電鉄,金町線,
23004,23004,2,1,,京成電鉄,千葉線,
23005,23005,2,1,,京成電鉄,千原線,
23006,23006,2,1,,京成電鉄,成田空港線,成田スカイアクセス
23081,23001,2,1,,京成電鉄,東成田線,
24001,24001,2,1,,京王電鉄,京王線,
24002,24002,2,1,,京王電鉄,相模原線,
24003,24003,2,1,,京王電鉄,高尾線,
24004,24004,2,1,,京王電鉄,競馬場線,
24005,24005,2,1,,京王電鉄,動物園線,
24006,24006,2,1,,京王電鉄,井の頭線,
25001,25001,2,1,,小田急電鉄,小田原線,
25002,25002,2,1,,小田急電鉄,江ノ島線,
25003,25003,2,1,,小田急電鉄,多摩線,
26001,26001,2,1,,東京急行電鉄,東横線,
26002,26002,2,1,,東京急行電鉄,目黒線,
26003,26003,2,1,,東京急行電鉄,田園都市線,
26004,26004,2,1,,東京急行電鉄,大井町線,
26005,26005,2,1,,東京急行電鉄,池上線,
26006,26006,2,1,,東京急行電鉄,東急多摩川線,
26007,26007,3,1,,東京急行電鉄,世田谷線,
26008,26008,2,1,,東京急行電鉄,こどもの国線,
27001,27001,2,1,,京浜急行電鉄,本線,
27002,27002,2,1,,京浜急行電鉄,空港線,
27003,27003,2,1,,京浜急行電鉄,大師線,
27004,27004,2,1,,京浜急行電鉄,逗子線,
27005,27005,2,1,,京浜急行電鉄,久里浜線,
28001,28001,2,1,,東京メトロ,銀座線,
28002,28002,2,1,,東京メトロ,丸ノ内線,
28003,28003,2,1,,東京メトロ,日比谷線,
28004,28004,2,1,,東京メトロ,東西線,
28005,28005,2,1,,東京メトロ,千代田線,
28006,28006,2,1,,東京メトロ,有楽町線,
28007,28007,2,1,,東京メトロ,有楽町新線,
28008,28008,2,1,,東京メトロ,半蔵門線,
28009,28009,2,1,,東京メトロ,南北線,
28010,28010,2,1,,東京メトロ,副都心線,
28082,28002,2,1,,東京メトロ,丸ノ内線分岐線,
29001,29001,2,1,,相模鉄道,本線,
29002,29002,2,1,,相模鉄道,いずみ野線,
30001,30001,2,1,,名古屋鉄道,名古屋本線,
30002,30002,3,1,,名古屋鉄道,豊川線,
30003,30003,2,1,,名古屋鉄道,西尾線,
30004,30004,2,1,,名古屋鉄道,蒲郡線,
30005,30005,2,1,,名古屋鉄道,三河線,
30006,30006,2,1,,名古屋鉄道,豊田線,
30007,30007,2,1,,名古屋鉄道,空港線,
30008,30008,2,1,,名古屋鉄道,常滑線,
30009,30009,2,1,,名古屋鉄道,河和線,
30010,30010,2,1,,名古屋鉄道,知多新線,
30011,30011,2,1,,名古屋鉄道,築港線,
30012,30012,2,1,,名古屋鉄道,瀬戸線,
30013,30013,2,1,,名古屋鉄道,津島線,
30014,30014,2,1,,名古屋鉄道,尾西線,
30015,30015,2,1,,名古屋鉄道,犬山線,
30016,30016,2,1,,名古屋鉄道,各務原線,
30017,30017,2,1,,名古屋鉄道,広見線,
30018,30018,2,1,,名古屋鉄道,小牧線,
30019,30019,2,1,,名古屋鉄道,犬山モノレール線,
30020,30020,2,1,,名古屋鉄道,竹鼻線,
30021,30021,2,1,,名古屋鉄道,羽島線,
31001,31001,2,1,,近畿日本鉄道,難波線,
31002,31002,2,1,,近畿日本鉄道,橿原線,
31003,31003,2,1,,近畿日本鉄道,南大阪線,
31004,31004,2,1,,近畿日本鉄道,養老線,
31005,31005,2,1,,近畿日本鉄道,大阪線,
31006,31006,2,1,,近畿日本鉄道,伊賀線,
31007,31007,2,1,,近畿日本鉄道,吉野線,
31008,31008,2,1,,近畿日本鉄道,湯の山線,
31009,31009,2,1,,近畿日本鉄道,山田線,
31010,31010,2,1,,近畿日本鉄道,鳥羽線,
31011,31011,2,1,,近畿日本鉄道,天理線,
31012,31012,2,1,,近畿日本鉄道,道明寺線,
31013,31013,2,1,,近畿日本鉄道,内部線,
31014,31014,2,1,,近畿日本鉄道,八王子線,
31015,31015,2,1,,近畿日本鉄道,志摩線,
31016,31016,2,1,,近畿日本鉄道,生駒線,
31017,31017,2,1,,近畿日本鉄道,田原本線,
31018,31018,2,1,,近畿日本鉄道,御所線,
31019,31019,2,1,,近畿日本鉄道,鈴鹿線,
31020,31020,2,1,,近畿日本鉄道,奈良線,
31021,31021,2,1,,近畿日本鉄道,信貴線,
31022,31022,2,1,,近畿日本鉄道,長野線,
31023,31023,2,1,,近畿日本鉄道,けいはんな線,
31024,31024,7,1,,近畿日本鉄道,西信貴鋼索線,
31025,31025,2,1,,近畿日本鉄道,京都線,
31026,31026,7,1,,近畿日本鉄道,生駒鋼索線,
31027,31027,2,1,,近畿日本鉄道,名古屋線,
32001,32001,2,1,,南海電気鉄道,南海本線,
32002,32002,2,1,,南海電気鉄道,空港線,
32003,32003,2,1,,南海電気鉄道,和歌山港線,
32004,32004,2,1,,南海電気鉄道,高師浜線,
32005,32005,2,1,,南海電気鉄道,加太線,
32006,32006,2,1,,南海電気鉄道,多奈川線,
32007,32007,2,1,,南海電気鉄道,高野線,りんかんサンライン
32008,32008,7,1,,南海電気鉄道,鋼索線,高野山ケーブル
32009,32009,2,1,,南海電気鉄道,汐見橋線,
33001,33001,2,1,,京阪電気鉄道,京阪本線,
33002,33002,2,1,,京阪電気鉄道,宇治線,
33003,33003,2,1,,京阪電気鉄道,交野線,
33004,33004,2,1,,京阪電気鉄道,鴨東線,
33005,33005,2,1,,京阪電気鉄道,鋼索線,男山ケーブル
33006,33006,3,1,,京阪電気鉄道,石山坂本線,
33007,33007,3,1,,京阪電気鉄道,京津線,
33008,33008,2,1,,京阪電気鉄道,中之島線,
34001,34001,2,1,,阪急電鉄,神戸本線,
34002,34002,2,1,,阪急電鉄,宝塚本線,
34003,34003,2,1,,阪急電鉄,京都本線,
34004,34004,2,1,,阪急電鉄,今津線,
34005,34005,2,1,,阪急電鉄,甲陽線,
34006,34006,2,1,,阪急電鉄,伊丹線,
34007,34007,2,1,,阪急電鉄,箕面線,
34008,34008,2,1,,阪急電鉄,千里線,
34009,34009,2,1,,阪急電鉄,嵐山線,
35001,35001,2,1,,阪神電気鉄道,本線,
35002,35002,2,1,,阪神電気鉄道,阪神なんば線,
35003,35003,2,1,,阪神電気鉄道,武庫川線,
36001,36001,2,1,,西日本鉄道,天神大牟田線,
36002,36002,2,1,,西日本鉄道,太宰府線,
36003,36003,2,1,,西日本鉄道,甘木線,
36004,36004,2,1,,西日本鉄道,貝塚線,
99101,99101,6,1,,札幌市交通局,東西線,
99102,99102,6,1,,札幌市交通局,南北線,
99103,99103,6,1,,札幌市交通局,東豊線,
99104,99104,3,1,,札幌市交通局,札幌市電山鼻線,
99105,99105,3,1,,函館市交通局,函館市電２系統,
99106,99106,3,1,,函館市交通局,函館市電５系統,
99107,99107,2,1,,北海道ちほく高原鉄道,北海道ちほく高原鉄道線,
99201,99201,2,1,,津軽鉄道,津軽鉄道線,
99202,99202,2,1,,弘南鉄道,弘南線,
99203,99203,2,1,,弘南鉄道,大鰐線,
99204,99204,2,1,,十和田観光電鉄,十和田観光電鉄線,
99205,99205,2,1,,IGRいわて銀河鉄道,いわて銀河鉄道線,
99206,99206,2,1,,青い森鉄道,青い森鉄道線,
99207,99207,2,1,,三陸鉄道,北リアス線,
99208,99208,2,1,,三陸鉄道,南リアス線,
99209,99209,2,1,,秋田内陸縦貫鉄道,秋田内陸線,
99210,99210,2,1,,由利高原鉄道,鳥海山ろく線,
99211,99211,2,1,,山形鉄道,フラワー長井線,
99212,99212,2,1,,くりはら田園鉄道,くりはら田園鉄道線,
99213,99213,2,1,,阿武隈急行,阿武隈急行線,
99214,99214,2,1,,仙台市交通局,南北線,
99215,99215,2,1,,福島交通,飯坂線,
99216,99216,2,1,,会津鉄道,会津線,
99217,99217,2,1,,仙台空港鉄道,仙台空港線,
99301,99301,2,1,,東京都交通局,大江戸線,
99302,99302,2,1,,東京都交通局,浅草線,
99303,99303,2,1,,東京都交通局,三田線,
99304,99304,2,1,,東京都交通局,新宿線,
99305,99305,3,1,,東京都交通局,都電荒川線,
99306,99306,2,1,,秩父鉄道,秩父本線,
99307,99307,2,1,,埼玉高速鉄道,埼玉高速鉄道線,
99308,99308,2,1,,いすみ鉄道,いすみ線,
99309,99309,2,1,,首都圏新都市鉄道,つくばエクスプレス線,
99310,99310,2,1,,横浜高速鉄道,みなとみらい線,
99311,99311,6,1,,ゆりかもめ,東京臨海新交通臨海線,
99312,99312,2,1,,わたらせ渓谷鐵道,わたらせ渓谷線,
99313,99313,6,1,,山万,ユーカリが丘線,
99314,99314,2,1,,伊豆箱根鉄道,大雄山線,
99315,99315,2,1,,ひたちなか海浜鉄道,湊線,
99316,99316,2,1,,横浜市交通局,１号線・３号線,ブルーライン
99317,99317,6,1,,横浜新都市交通,金沢シーサイドライン,
99318,99318,2,1,,関東鉄道,常総線,
99319,99319,2,1,,関東鉄道,竜ヶ崎線,
99320,99320,2,1,,江ノ島電鉄,江ノ島電鉄線,
99321,99321,6,1,,埼玉新都市交通,伊奈線,
99322,99322,2,1,,鹿島鉄道,鹿島鉄道線,
99323,99323,2,1,,鹿島臨海鉄道,大洗鹿島線,
99324,99324,2,1,,芝山鉄道,芝山鉄道線,
99325,99325,2,1,,小湊鐵道,小湊鉄道線,
99326,99326,4,1,,湘南モノレール,江の島線,
99327,99327,2,1,,上信電鉄,上信線,
99328,99328,2,1,,上毛電気鉄道,上毛線,
99329,99329,2,1,,新京成電鉄,新京成線,
99330,99330,2,1,,真岡鐵道,真岡線,
99331,99331,4,1,,千葉都市モノレール,１号線,
99332,99332,4,1,,千葉都市モノレール,２号線,
99333,99333,2,1,,流鉄,流山線,
99334,99334,5,1,,多摩都市モノレール,多摩モノレール線,
99335,99335,2,1,,銚子電気鉄道,銚子電鉄線,
99336,99336,5,1,,東京モノレール,東京モノレール羽田空港線,
99337,99337,2,1,,東京臨海高速鉄道,りんかい線,
99338,99338,2,1,,東葉高速鉄道,東葉高速線,
99339,99339,2,1,,箱根登山鉄道,鉄道線,
99340,99340,2,1,,北総鉄道,北総線,
99341,99341,2,1,,野岩鉄道,会津鬼怒川線,
99342,99305,6,1,,東京都交通局,日暮里・舎人ライナー,
99343,99316,2,1,,横浜市交通局,４号線,グリーンライン
99401,99401,2,1,,富士急行,富士急行線(大月線・河口湖線),
99402,99402,2,1,,北越急行,ほくほく線,
99403,99403,2,1,,しなの鉄道,しなの鉄道線,
99404,99404,2,1,,上田交通,別所線,
99405,99405,2,1,,長野電鉄,長野線,
99406,99406,2,1,,長野電鉄,屋代線,
99407,99407,2,1,,アルピコ交通,上高地線,
99408,99408,2,1,,富山地方鉄道,本線,
99409,99409,2,1,,富山地方鉄道,立山線,
99410,99410,2,1,,富山地方鉄道,不二越線・上滝線,
99411,99411,2,1,,神岡鉄道,神岡鉄道線,
99412,99412,2,1,,黒部峡谷鉄道,本線,
99413,99413,3,1,,富山地方鉄道,市内線,
99414,99414,3,1,,万葉線,万葉線(新湊港線・高岡軌道線),
99415,99415,3,1,,富山ライトレール,富山港線,
99416,99416,2,1,,北陸鉄道,石川線,
99417,99417,2,1,,北陸鉄道,浅野川線,
99418,99418,2,1,,のと鉄道,七尾線,
99419,99419,2,1,,えちぜん鉄道,勝山永平寺線,
99420,99420,2,1,,えちぜん鉄道,三国芦原線,
99421,99421,3,1,,福井鉄道,福武線,
99422,99413,3,1,,富山地方鉄道,富山都心線,
99501,99501,2,1,,伊豆急行,伊豆急行線,
99502,99502,2,1,,伊豆箱根鉄道,駿豆線,
99503,99503,2,1,,岳南鉄道,岳南線,
99504,99504,2,1,,静岡鉄道,静岡清水線,
99505,99505,2,1,,天竜浜名湖鉄道,天竜浜名湖線,
99506,99506,2,1,,遠州鉄道,鉄道線,
99507,99507,2,1,,大井川鐵道,大井川本線,
99508,99508,2,1,,大井川鐵道,井川線,
99509,99509,2,1,,名古屋臨海高速鉄道,西名古屋港線,あおなみ線
99510,99510,2,1,,東海交通事業,城北線,
99511,99511,2,1,,愛知環状鉄道,愛知環状鉄道線,
99512,99512,9,1,,愛知高速交通,東部丘陵線,リニモ
99513,99513,2,1,,名古屋市交通局,東山線,
99514,99514,2,1,,名古屋市交通局,名城線,
99515,99515,2,1,,名古屋市交通局,名港線,
99516,99516,2,1,,名古屋市交通局,鶴舞線,
99517,99517,2,1,,名古屋市交通局,桜通線,
99518,99518,2,1,,名古屋市交通局,上飯田線,
99519,99519,6,1,,桃花台新交通,桃花台新交通線,
99520,99520,2,1,,豊橋鉄道,渥美線,
99521,99521,3,1,,豊橋鉄道,東田本線,
99522,99522,3,1,,豊橋鉄道,東田本線(運動公園前線),
99523,99523,6,1,,名古屋ガイドウェイバス,ガイドウェイバス志段味線,ゆとりーとライン
99524,99524,2,1,,明知鉄道,明知線,
99525,99525,2,1,,長良川鉄道,越美南線,
99526,99526,2,1,,樽見鉄道,樽見線,
99528,99528,2,1,,三岐鉄道,三岐線,
99529,99529,2,1,,三岐鉄道,北勢線,
99530,99530,2,1,,伊勢鉄道,伊勢線,
99531,99531,2,1,,伊賀鉄道,伊賀線,
99532,99532,2,1,,養老鉄道,養老線,
99601,99601,2,1,,近江鉄道,本線,
99602,99602,2,1,,近江鉄道,多賀線,
99603,99603,2,1,,近江鉄道,八日市線,
99604,99604,2,1,,信楽高原鐵道,信楽線,
99605,99605,2,1,,嵯峨野観光鉄道,嵯峨野観光線,
99606,99606,2,1,,叡山電鉄,叡山本線,
99607,99607,2,1,,叡山電鉄,鞍馬線,
99608,99608,2,1,,北近畿タンゴ鉄道,宮福線,
99609,99609,2,1,,北近畿タンゴ鉄道,宮津線,
99610,99610,2,1,,京都市交通局,烏丸線,
99611,99611,2,1,,京都市交通局,東西線,
99612,99612,3,1,,京福電気鉄道,嵐山本線,
99613,99613,3,1,,京福電気鉄道,北野線,
99614,99614,2,1,,北大阪急行電鉄,南北線,
99615,99640,2,1,,能勢電鉄,妙見線,
99616,99616,2,1,,大阪府都市開発,泉北高速鉄道線,
99617,99617,2,1,,水間鉄道,水間線,
99618,99618,3,1,,大阪市交通局,御堂筋線,
99619,99619,3,1,,大阪市交通局,谷町線,
99620,99620,3,1,,大阪市交通局,四つ橋線,
99621,99621,3,1,,大阪市交通局,中央線,
99622,99622,3,1,,大阪市交通局,千日前線,
99623,99623,3,1,,大阪市交通局,堺筋線,
99624,99624,3,1,,大阪市交通局,長堀鶴見緑地線,
99625,99625,6,1,,大阪市交通局,南港ポートタウン線,
99626,99626,5,1,,大阪高速鉄道,大阪モノレール線,
99627,99627,5,1,,大阪高速鉄道,国際文化公園都市モノレール線,彩都線
99628,99628,3,1,,阪堺電気軌道,上町線,
99629,99629,3,1,,阪堺電気軌道,阪堺線,
99630,99630,2,1,,神戸高速鉄道,東西線,
99631,99631,2,1,,神戸高速鉄道,南北線,
99632,99632,2,1,,神戸電鉄,有馬線,
99633,99633,2,1,,神戸電鉄,三田線,
99634,99634,2,1,,神戸電鉄,公園都市線,
99635,99635,2,1,,神戸電鉄,粟生線,
99636,99636,2,1,,北神急行電鉄,北神線,
99637,99637,2,1,,山陽電気鉄道,本線,
99638,99638,2,1,,山陽電気鉄道,網干線,
99640,99640,2,1,,能勢電鉄,日生線,
99642,99642,2,1,,三木鉄道,三木線,
99643,99643,2,1,,北条鉄道,北条線,
99644,99644,2,1,,智頭急行,智頭線,
99645,99645,2,1,,神戸市交通局,西神線,
99646,99646,2,1,,神戸市交通局,山手線,
99647,99647,2,1,,神戸市交通局,海岸線,夢かもめ
99648,99648,6,1,,神戸新交通,ポートアイランド線,ポートライナー
99649,99649,6,1,,神戸新交通,六甲アイランド線,六甲ライナー
99650,99650,2,1,,紀州鉄道,紀州鉄道線,
99651,99651,2,1,,和歌山電鐵,貴志川線,
99652,99624,3,1,,大阪市交通局,今里筋線,
99701,99701,2,1,,若桜鉄道,若桜線,
99702,99702,2,1,,一畑電車,北松江線,
99703,99703,2,1,,一畑電車,大社線,
99704,99704,2,1,,水島臨海鉄道,水島本線,
99705,99705,2,1,,井原鉄道,井原線,
99706,99706,3,1,,岡山電気軌道,東山本線,
99707,99707,3,1,,岡山電気軌道,清輝橋線,
99708,99708,4,1,,スカイレールサービス,広島短距離交通瀬野線,
99709,99709,6,1,,広島高速交通,広島新交通１号線,アストラムライン
99710,99710,3,1,,広島電鉄,広電１系統(宇品線),
99711,99711,3,1,,広島電鉄,広電２系統(宮島線),
99712,99712,3,1,,広島電鉄,広電３系統(己斐線),
99713,99713,3,1,,広島電鉄,広電５系統(比治山線),
99714,99714,3,1,,広島電鉄,広電６系統(江波線),
99715,99715,3,1,,広島電鉄,広電７系統(都心線),
99716,99716,3,1,,広島電鉄,広電８系統(横川線),
99717,99717,3,1,,広島電鉄,広電９系統(白島線),
99718,99718,2,1,,錦川鉄道,錦川清流線,
99801,99801,2,1,,阿佐海岸鉄道,阿佐東線,
99802,99802,2,1,,高松琴平電気鉄道,琴平線,
99803,99803,2,1,,高松琴平電気鉄道,長尾線,
99804,99804,2,1,,高松琴平電気鉄道,志度線,
99805,99805,2,1,,伊予鉄道,郡中線,
99806,99806,2,1,,伊予鉄道,高浜線,
99807,99807,2,1,,伊予鉄道,横河原線,
99808,99808,3,1,,伊予鉄道,１系統(環状線),
99809,99809,3,1,,伊予鉄道,２系統(環状線),
99810,99810,3,1,,伊予鉄道,３系統(市駅線),
99811,99811,3,1,,伊予鉄道,５系統(松山駅前線),
99812,99812,3,1,,伊予鉄道,６系統(本町線),
99814,99814,2,1,,土佐くろしお鉄道,中村線,
99815,99815,2,1,,土佐くろしお鉄道,宿毛線,
99816,99816,2,1,,土佐くろしお鉄道,阿佐線,ごめん・なはり線
99817,99817,3,1,,土佐電気鉄道,ごめん線,
99818,99818,3,1,,土佐電気鉄道,伊野線,
99819,99819,3,1,,土佐電気鉄道,桟橋線,
99901,99901,2,1,,甘木鉄道,甘木線,
99902,99902,2,1,,平成筑豊鉄道,伊田線,
99903,99903,2,1,,平成筑豊鉄道,糸田線,
99904,99904,2,1,,平成筑豊鉄道,田川線,
99905,99905,2,1,,福岡市交通局,空港線,
99906,99906,2,1,,福岡市交通局,箱崎線,
99907,99907,2,1,,福岡市交通局,七隈線,
99908,99908,5,1,,北九州高速鉄道,小倉線,北九州モノレール
99909,99909,3,1,,筑豊電気鉄道,筑豊電気鉄道,
99910,99910,2,1,,松浦鉄道,西九州線(有田〜伊万里),
99911,99911,2,1,,松浦鉄道,西九州線(伊万里〜佐世保),
99912,99912,2,1,,島原鉄道,島原鉄道,
99913,99913,3,1,,長崎電気軌道,長崎電軌１系統,
99914,99914,3,1,,長崎電気軌道,長崎電軌３系統,
99915,99915,3,1,,長崎電気軌道,長崎電軌４系統,
99916,99916,3,1,,長崎電気軌道,長崎電軌５系統,
99917,99917,2,1,,熊本電気鉄道,熊本電鉄本線?,
99918,99918,2,1,,熊本電気鉄道,熊本電鉄上熊本線?,
99919,99919,2,1,,南阿蘇鉄道,高森線,
99920,99920,2,1,,くま川鉄道,湯前線,
99921,99921,2,1,,肥薩おれんじ鉄道,肥薩おれんじ鉄道線,
99922,99922,3,1,,熊本市交通局,熊本市電Ａ系統,
99923,99923,3,1,,熊本市交通局,熊本市電Ｂ系統,
99925,99925,3,1,,鹿児島市交通局,鹿児島市電１系統,
99926,99926,3,1,,鹿児島市交通局,鹿児島市電２系統,
99927,99927,5,1,,沖縄都市モノレール,沖縄都市モノレール線,ゆいレール
99928,99904,2,1,,平成筑豊鉄道,門司港レトロ観光線,
